Name,Full Name,Owner,License,Description,Language,Stars,Forks,Open Issues,Created At,Updated At,GitHub URL
awesome-machine-learning,josephmisiti/awesome-machine-learning,josephmisiti,NOASSERTION,"A curated list of awesome Machine Learning frameworks, libraries and software.",Python,74054,15610,25,2014-07-15 19:11:19+00:00,2026-08-18 11:27:04+00:00,https://github.com/josephmisiti/awesome-machine-learning
MachineLearning,wepe/MachineLearning,wepe,Unknown,Basic Machine Learning and Deep Learning,Python,5747,3206,50,2014-12-05 14:53:17+00:00,2026-08-18 08:09:56+00:00,https://github.com/wepe/MachineLearning
MachineLearning_Python,lawlite19/MachineLearning_Python,lawlite19,MIT,机器学习算法python实现,Python,8580,2515,10,2016-10-17 15:44:59+00:00,2026-08-18 06:33:54+00:00,https://github.com/lawlite19/MachineLearning_Python
Machine-Learning,Jack-Cherish/Machine-Learning,Jack-Cherish,Unknown,:zap:机器学习实战（Python3）：kNN、决策树、贝叶斯、逻辑回归、SVM、线性回归、树回归,Python,10370,5065,7,2017-03-25 07:32:37+00:00,2026-08-18 03:26:09+00:00,https://github.com/Jack-Cherish/Machine-Learning
machine-learning,udacity/machine-learning,udacity,Unknown,Content for Udacity's Machine Learning curriculum,Jupyter Notebook,4030,6233,0,2016-01-26 18:41:03+00:00,2026-08-17 21:37:20+00:00,https://github.com/udacity/machine-learning
MachineLearningNotebooks,Azure/MachineLearningNotebooks,Azure,MIT,Python notebooks with ML and deep learning examples with Azure Machine Learning Python SDK | Microsoft,Jupyter Notebook,4424,2574,400,2018-08-17 17:29:14+00:00,2026-08-16 23:55:04+00:00,https://github.com/Azure/MachineLearningNotebooks
homemade-machine-learning,trekhleb/homemade-machine-learning,trekhleb,MIT,🤖 Python examples of popular machine learning algorithms with interactive Jupyter demos and math being explained,Jupyter Notebook,24762,4194,31,2018-11-01 04:34:19+00:00,2026-08-18 08:38:14+00:00,https://github.com/trekhleb/homemade-machine-learning
machine_learning_examples,lazyprogrammer/machine_learning_examples,lazyprogrammer,Unknown,A collection of machine learning examples and tutorials.,Python,8911,6404,33,2014-07-31 23:40:45+00:00,2026-08-18 09:26:41+00:00,https://github.com/lazyprogrammer/machine_learning_examples
Machine-Learning-Tutorials,ujjwalkarn/Machine-Learning-Tutorials,ujjwalkarn,CC0-1.0,"machine learning and deep learning tutorials, articles and other resources ",Unknown,18108,3969,47,2015-09-12 14:51:38+00:00,2026-08-18 01:43:01+00:00,https://github.com/ujjwalkarn/Machine-Learning-Tutorials
machine-learning-for-trading,stefan-jansen/machine-learning-for-trading,stefan-jansen,MIT,"Code for Machine Learning for Trading, 3rd edition — from data sourcing to live execution.",Jupyter Notebook,20495,5525,6,2018-05-09 12:33:08+00:00,2026-08-18 09:51:22+00:00,https://github.com/stefan-jansen/machine-learning-for-trading
machine-learning-for-software-engineers,ZuzooVn/machine-learning-for-software-engineers,ZuzooVn,CC-BY-SA-4.0,A complete daily plan for studying to become a machine learning engineer.,Unknown,28861,6148,32,2016-10-09 21:20:25+00:00,2026-08-18 07:44:39+00:00,https://github.com/ZuzooVn/machine-learning-for-software-engineers
machine-learning-zoomcamp,DataTalksClub/machine-learning-zoomcamp,DataTalksClub,Unknown,Learn ML engineering for free in 4 months! Register here 👇🏼,Jupyter Notebook,13933,3092,3,2020-04-17 04:29:23+00:00,2026-08-18 08:48:01+00:00,https://github.com/DataTalksClub/machine-learning-zoomcamp
Machine-learning-learning-notes,Vay-keen/Machine-learning-learning-notes,Vay-keen,Unknown,周志华《机器学习》又称西瓜书是一本较为全面的书籍，书中详细介绍了机器学习领域不同类型的算法(例如：监督学习、无监督学习、半监督学习、强化学习、集成降维、特征选择等)，记录了本人在学习过程中的理解思路与扩展知识点，希望对新人阅读西瓜书有所帮助！,Unknown,7762,1878,28,2018-03-24 06:48:10+00:00,2026-08-18 07:36:00+00:00,https://github.com/Vay-keen/Machine-learning-learning-notes
python-machine-learning-book,rasbt/python-machine-learning-book,rasbt,MIT,"The ""Python Machine Learning (1st edition)""  book code repository and info resource",Jupyter Notebook,12641,4372,13,2015-08-07 20:39:29+00:00,2026-08-17 16:24:50+00:00,https://github.com/rasbt/python-machine-learning-book
MachineLearning,allmachinelearning/MachineLearning,allmachinelearning,Unknown,Machine learning resources,Unknown,3838,979,4,2017-05-09 10:29:21+00:00,2026-08-17 12:40:22+00:00,https://github.com/allmachinelearning/MachineLearning
Machine-Learning-Collection,aladdinpersson/Machine-Learning-Collection,aladdinpersson,MIT,A resource for learning about Machine learning & Deep Learning,Python,8485,2787,119,2020-03-26 07:02:40+00:00,2026-08-17 01:02:10+00:00,https://github.com/aladdinpersson/Machine-Learning-Collection
machine-learning-interview,khangich/machine-learning-interview,khangich,Unknown,"Machine Learning Interviews from FAANG, Snapchat, LinkedIn. I have offers from Snapchat, Coupang, Stitchfix etc. Blog: mlengineer.io.",Unknown,12782,2043,9,2020-08-11 06:26:32+00:00,2026-08-17 10:04:18+00:00,https://github.com/khangich/machine-learning-interview
stanford-cs-229-machine-learning,afshinea/stanford-cs-229-machine-learning,afshinea,MIT,VIP cheatsheets for Stanford's CS 229 Machine Learning,Unknown,20124,4248,20,2018-08-04 23:01:00+00:00,2026-08-18 10:33:03+00:00,https://github.com/afshinea/stanford-cs-229-machine-learning
awesome-production-machine-learning,EthicalML/awesome-production-machine-learning,EthicalML,MIT,"A curated list of awesome open source libraries to deploy, monitor, version and scale your machine learning",Unknown,20851,2590,31,2018-08-15 14:28:41+00:00,2026-08-18 08:44:58+00:00,https://github.com/EthicalML/awesome-production-machine-learning
Machine-Learning-with-Python,susanli2016/Machine-Learning-with-Python,susanli2016,Unknown,Python code for common Machine Learning Algorithms,Jupyter Notebook,4591,4762,50,2017-05-26 08:55:48+00:00,2026-08-17 16:41:08+00:00,https://github.com/susanli2016/Machine-Learning-with-Python
Machine-Learning-Specialization-Coursera,greyhatguy007/Machine-Learning-Specialization-Coursera,greyhatguy007,MIT, Contains Solutions and Notes for the Machine Learning Specialization By Stanford University and Deeplearning.ai - Coursera (2022) by Prof. Andrew NG,Jupyter Notebook,7777,3726,26,2022-06-16 15:31:02+00:00,2026-08-18 09:59:31+00:00,https://github.com/greyhatguy007/Machine-Learning-Specialization-Coursera
tensorflow,tensorflow/tensorflow,tensorflow,Apache-2.0,An Open Source Machine Learning Framework for Everyone,C++,197035,76050,2953,2015-11-07 01:19:20+00:00,2026-08-18 11:27:40+00:00,https://github.com/tensorflow/tensorflow
scikit-learn,scikit-learn/scikit-learn,scikit-learn,BSD-3-Clause,scikit-learn: machine learning in Python,Python,66967,27290,2122,2010-08-17 09:43:38+00:00,2026-08-18 11:01:54+00:00,https://github.com/scikit-learn/scikit-learn
machine-learning-notes,roboticcam/machine-learning-notes,roboticcam,Unknown,"My continuously updated Machine Learning, Probabilistic Models and Deep Learning notes and demos (2000+ slides)  我不间断更新的机器学习，概率模型和深度学习的讲义(2000+页)和视频链接",Jupyter Notebook,10331,1824,28,2018-02-15 15:42:33+00:00,2026-08-18 09:50:27+00:00,https://github.com/roboticcam/machine-learning-notes
deploying-machine-learning-models,trainindata/deploying-machine-learning-models,trainindata,BSD-3-Clause,"Code for the online course ""Deployment of Machine Learning Models""",Jupyter Notebook,892,8129,500,2019-01-09 20:30:46+00:00,2026-07-15 00:30:27+00:00,https://github.com/trainindata/deploying-machine-learning-models
500-AI-Machine-learning-Deep-learning-Computer-vision-NLP-Projects-with-code,ashishpatel26/500-AI-Machine-learning-Deep-learning-Computer-vision-NLP-Projects-with-code,ashishpatel26,Unknown,500 AI Machine learning Deep learning Computer vision NLP Projects with code,Unknown,36350,7442,67,2021-01-02 12:08:37+00:00,2026-08-18 11:26:11+00:00,https://github.com/ashishpatel26/500-AI-Machine-learning-Deep-learning-Computer-vision-NLP-Projects-with-code
Lhy_Machine_Learning,Fafa-DL/Lhy_Machine_Learning,Fafa-DL,Unknown,李宏毅2021/2022/2023春季机器学习课程课件及作业,Jupyter Notebook,7105,1663,8,2021-02-28 05:42:46+00:00,2026-08-18 07:46:36+00:00,https://github.com/Fafa-DL/Lhy_Machine_Learning
cs249r_book,harvard-edge/cs249r_book,harvard-edge,NOASSERTION,Machine Learning Systems,Python,27950,3530,75,2023-09-06 19:31:06+00:00,2026-08-18 08:31:05+00:00,https://github.com/harvard-edge/cs249r_book
machine-learning-book,rasbt/machine-learning-book,rasbt,MIT,Code Repository for Machine Learning with PyTorch and Scikit-Learn,Jupyter Notebook,5320,1831,25,2021-12-19 00:32:59+00:00,2026-08-17 19:50:53+00:00,https://github.com/rasbt/machine-learning-book
financial-machine-learning,firmai/financial-machine-learning,firmai,Unknown,A curated list of practical financial machine learning tools and applications.,Python,8748,1409,15,2019-03-21 21:00:35+00:00,2026-08-18 01:44:01+00:00,https://github.com/firmai/financial-machine-learning
MachineLearning,jindongwang/MachineLearning,jindongwang,Unknown,一些关于机器学习的学习资料与研究介绍,Unknown,2016,616,1,2015-08-16 13:01:08+00:00,2026-08-13 02:33:14+00:00,https://github.com/jindongwang/MachineLearning
dive-into-machine-learning,dive-into-machine-learning/dive-into-machine-learning,dive-into-machine-learning,CC-BY-4.0,"Free ways to dive into machine learning with Python and Jupyter Notebook. Notebooks, courses, and other links. (First posted in 2016.)",Unknown,11392,1866,0,2015-02-22 23:48:16+00:00,2026-08-17 19:11:54+00:00,https://github.com/dive-into-machine-learning/dive-into-machine-learning
3D-Machine-Learning,timzhang642/3D-Machine-Learning,timzhang642,Unknown,A resource repository for 3D machine learning,Unknown,10193,1797,21,2017-08-12 15:20:54+00:00,2026-08-18 08:44:49+00:00,https://github.com/timzhang642/3D-Machine-Learning
MachineLearning,carefree0910/MachineLearning,carefree0910,MIT,Machine learning algorithms implemented by pure numpy,Jupyter Notebook,1094,714,9,2016-09-18 09:37:01+00:00,2026-07-23 03:54:44+00:00,https://github.com/carefree0910/MachineLearning
industry-machine-learning,firmai/industry-machine-learning,firmai,Unknown,A curated list of applied machine learning and data science notebooks and libraries across different industries (by @firmai),Jupyter Notebook,7485,1249,3,2019-05-03 05:08:15+00:00,2026-08-17 08:53:36+00:00,https://github.com/firmai/industry-machine-learning
machine-learning-systems-design,chiphuyen/machine-learning-systems-design,chiphuyen,Unknown,"A booklet on machine learning systems design with exercises. NOT the repo for the book ""Designing Machine Learning Systems"", which is `dmls-book`",HTML,10526,1631,11,2019-11-24 23:16:28+00:00,2026-08-18 08:05:57+00:00,https://github.com/chiphuyen/machine-learning-systems-design
machine-learning-course,instillai/machine-learning-course,instillai,Unknown,:speech_balloon: Machine Learning Course with Python: ,Python,7045,1233,1,2019-02-15 00:23:19+00:00,2026-08-10 20:26:53+00:00,https://github.com/instillai/machine-learning-course
machine-learning-roadmap,mrdbourke/machine-learning-roadmap,mrdbourke,MIT,"A roadmap connecting many of the most important concepts in machine learning, how to learn them and what tools to use to perform them.",Unknown,7893,1168,12,2020-07-09 07:07:47+00:00,2026-08-15 21:26:11+00:00,https://github.com/mrdbourke/machine-learning-roadmap
MachineLearning,csuldw/MachineLearning,csuldw,Unknown,"Machine learning resources，including algorithm, paper, dataset, example and so on.",Python,846,678,2,2016-02-20 05:53:47+00:00,2026-07-19 14:30:01+00:00,https://github.com/csuldw/MachineLearning
DL-Notes-for-Interview,vivienzou1/DL-Notes-for-Interview,vivienzou1,Unknown,deep learning/ machine learning,Unknown,372,7859,4,2018-06-09 21:52:58+00:00,2026-08-05 07:16:13+00:00,https://github.com/vivienzou1/DL-Notes-for-Interview
machine-learning,teddylee777/machine-learning,teddylee777,Unknown,머신러닝 입문자 혹은 스터디를 준비하시는 분들에게 도움이 되고자 만든 repository입니다. (This repository is intented for helping whom are interested in machine learning study),Jupyter Notebook,3273,942,9,2018-09-02 05:55:25+00:00,2026-08-17 12:17:20+00:00,https://github.com/teddylee777/machine-learning
machine-learning-yearning-cn,deeplearning-ai/machine-learning-yearning-cn,deeplearning-ai,NOASSERTION,Machine Learning Yearning 中文版 - 《机器学习训练秘籍》 - Andrew Ng 著,CSS,7844,1501,4,2018-06-19 19:26:39+00:00,2026-08-18 08:45:23+00:00,https://github.com/deeplearning-ai/machine-learning-yearning-cn
machine-learning-mindmap,dformoso/machine-learning-mindmap,dformoso,Apache-2.0,"A mindmap summarising Machine Learning concepts, from Data Analysis to Deep Learning.",Unknown,6261,1008,5,2017-08-10 04:29:24+00:00,2026-08-17 16:20:32+00:00,https://github.com/dformoso/machine-learning-mindmap
Machine-Learning-Session,shuhuai007/Machine-Learning-Session,shuhuai007,Unknown,No description,Unknown,5253,1079,20,2018-11-01 15:18:42+00:00,2026-08-15 08:05:11+00:00,https://github.com/shuhuai007/Machine-Learning-Session
Machine-Learning,JustFollowUs/Machine-Learning,JustFollowUs,Unknown,No description,Unknown,3163,848,3,2016-12-16 06:32:18+00:00,2026-08-17 12:02:56+00:00,https://github.com/JustFollowUs/Machine-Learning
mlcourse.ai,Yorko/mlcourse.ai,Yorko,NOASSERTION,Open Machine Learning Course,Python,10688,5701,4,2017-02-27 08:32:20+00:00,2026-08-18 05:11:40+00:00,https://github.com/Yorko/mlcourse.ai
Artificial-Intelligence-Deep-Learning-Machine-Learning-Tutorials,TarrySingh/Artificial-Intelligence-Deep-Learning-Machine-Learning-Tutorials,TarrySingh,NOASSERTION,"A comprehensive list of Deep Learning / Artificial Intelligence and Machine Learning tutorials - rapidly expanding into areas of AI/Deep Learning / Machine Vision / NLP and industry specific areas such as Climate / Energy, Automotives, Retail, Pharma, Medicine, Healthcare, Policy, Ethics and more.",Python,4000,1627,158,2017-07-13 19:46:01+00:00,2026-08-14 20:33:27+00:00,https://github.com/TarrySingh/Artificial-Intelligence-Deep-Learning-Machine-Learning-Tutorials
MachineLearningStocks,robertmartin8/MachineLearningStocks,robertmartin8,MIT,Using python and scikit-learn to make stock predictions,Python,1959,539,21,2017-02-12 04:50:44+00:00,2026-08-17 22:05:14+00:00,https://github.com/robertmartin8/MachineLearningStocks
machine-learning-cheat-sheet,soulmachine/machine-learning-cheat-sheet,soulmachine,Unknown,Classical equations and diagrams in machine learning,TeX,8043,1332,11,2013-05-09 07:43:59+00:00,2026-08-17 01:43:29+00:00,https://github.com/soulmachine/machine-learning-cheat-sheet
HsuanTienLin_MachineLearning,RedstoneWill/HsuanTienLin_MachineLearning,RedstoneWill,Unknown,No description,Unknown,2774,840,4,2018-05-05 05:42:53+00:00,2026-08-03 04:30:51+00:00,https://github.com/RedstoneWill/HsuanTienLin_MachineLearning
2022-Machine-Learning-Specialization,kaieye/2022-Machine-Learning-Specialization,kaieye,Unknown,No description,Jupyter Notebook,4609,1624,26,2022-06-17 01:45:27+00:00,2026-08-18 04:44:55+00:00,https://github.com/kaieye/2022-Machine-Learning-Specialization
Machine-Learning-with-Python,tirthajyoti/Machine-Learning-with-Python,tirthajyoti,BSD-2-Clause,Practice and tutorial-style notebooks  covering wide variety of machine learning techniques,Jupyter Notebook,3324,1832,9,2017-07-17 03:06:13+00:00,2026-08-16 19:26:29+00:00,https://github.com/tirthajyoti/Machine-Learning-with-Python
100-days-of-machine-learning,campusx-official/100-days-of-machine-learning,campusx-official,Unknown,No description,Jupyter Notebook,3034,2656,81,2021-03-30 14:22:03+00:00,2026-08-18 07:03:29+00:00,https://github.com/campusx-official/100-days-of-machine-learning
machinelearning,ljpzzz/machinelearning,ljpzzz,MIT,My blogs and code for machine learning. http://cnblogs.com/pinard,Jupyter Notebook,8706,3687,17,2016-05-12 07:06:34+00:00,2026-08-17 09:47:16+00:00,https://github.com/ljpzzz/machinelearning
numpy-ml,ddbourgin/numpy-ml,ddbourgin,GPL-3.0,"Machine learning, in numpy",Python,16335,3745,48,2019-04-06 22:29:49+00:00,2026-08-18 06:13:56+00:00,https://github.com/ddbourgin/numpy-ml
machine-learning,ethen8181/machine-learning,ethen8181,MIT,:earth_americas: machine learning tutorials (mainly in Python3) ,HTML,3495,675,6,2015-07-24 03:35:49+00:00,2026-08-14 23:24:00+00:00,https://github.com/ethen8181/machine-learning
machine_learning_complete,Nyandwi/machine_learning_complete,Nyandwi,MIT,"A comprehensive machine learning repository containing 30+ notebooks on different concepts, algorithms and techniques.",Jupyter Notebook,5034,836,2,2021-09-25 11:02:35+00:00,2026-08-16 11:47:19+00:00,https://github.com/Nyandwi/machine_learning_complete
MachineLearningNotes,tsyw/MachineLearningNotes,tsyw,Unknown,My personal notes,Unknown,1807,439,1,2020-02-10 02:56:44+00:00,2026-08-15 10:35:17+00:00,https://github.com/tsyw/MachineLearningNotes
machine_learning_basics,zotroneneis/machine_learning_basics,zotroneneis,MIT,Plain python implementations of basic machine learning algorithms,Jupyter Notebook,4417,834,0,2018-02-19 09:55:58+00:00,2026-08-12 18:36:38+00:00,https://github.com/zotroneneis/machine_learning_basics
Learn_Machine_Learning_in_3_Months,llSourcell/Learn_Machine_Learning_in_3_Months,llSourcell,Unknown,"This is the code for ""Learn Machine Learning in 3 Months"" by Siraj Raval on Youtube ",Unknown,7607,2310,19,2018-03-02 10:59:53+00:00,2026-08-16 03:59:02+00:00,https://github.com/llSourcell/Learn_Machine_Learning_in_3_Months
awesome-machine-learning-cn,jobbole/awesome-machine-learning-cn,jobbole,Unknown,机器学习资源大全中文版，包括机器学习领域的框架、库以及软件,Unknown,4483,1246,4,2015-11-03 11:22:38+00:00,2026-08-17 05:36:31+00:00,https://github.com/jobbole/awesome-machine-learning-cn
start-machine-learning,louisfb01/start-machine-learning,louisfb01,MIT,"A complete guide to start and improve in machine learning (ML), artificial intelligence (AI) in 2026 without ANY background in the field and stay up-to-date with the latest news and state-of-the-art techniques!",Unknown,5294,700,4,2020-09-24 11:48:46+00:00,2026-08-17 20:26:49+00:00,https://github.com/louisfb01/start-machine-learning
Data-Analysis-and-Machine-Learning-Projects,rhiever/Data-Analysis-and-Machine-Learning-Projects,rhiever,Unknown,"Repository of teaching materials, code, and data for my data analysis and machine learning projects.",Jupyter Notebook,6743,2103,14,2015-02-12 23:03:58+00:00,2026-08-18 06:40:56+00:00,https://github.com/rhiever/Data-Analysis-and-Machine-Learning-Projects
machine-learning-articles,christianversloot/machine-learning-articles,christianversloot,Unknown,"🧠💬 Articles I wrote about machine learning, archived from MachineCurve.com.",Unknown,3695,761,0,2022-02-15 18:12:31+00:00,2026-08-16 15:56:27+00:00,https://github.com/christianversloot/machine-learning-articles
Machine-Learning-Notes,Sophia-11/Machine-Learning-Notes,Sophia-11,Unknown,周志华《机器学习》手推笔记,Unknown,3780,744,3,2019-09-20 05:06:57+00:00,2026-08-18 07:15:48+00:00,https://github.com/Sophia-11/Machine-Learning-Notes
machine_learning_beginner,fengdu78/machine_learning_beginner,fengdu78,Unknown,机器学习初学者公众号作品,Jupyter Notebook,2354,913,0,2019-01-09 08:15:12+00:00,2026-08-18 08:53:11+00:00,https://github.com/fengdu78/machine_learning_beginner
python-machine-learning-book-2nd-edition,rasbt/python-machine-learning-book-2nd-edition,rasbt,MIT,"The ""Python Machine Learning (2nd edition)"" book code repository and info resource",Jupyter Notebook,7201,2791,32,2017-02-09 05:45:15+00:00,2026-08-18 09:22:15+00:00,https://github.com/rasbt/python-machine-learning-book-2nd-edition
practical-machine-learning-with-python,dipanjanS/practical-machine-learning-with-python,dipanjanS,Apache-2.0,Master the essential skills needed to recognize and solve complex real-world problems with Machine Learning and Deep Learning by leveraging the highly popular Python Machine Learning Eco-system.,Jupyter Notebook,2383,1652,21,2017-07-29 10:31:36+00:00,2026-08-18 07:16:03+00:00,https://github.com/dipanjanS/practical-machine-learning-with-python
tvm,apache/tvm,apache,Apache-2.0,Open Machine Learning Compiler Framework,Python,13669,3957,243,2016-10-12 22:20:28+00:00,2026-08-18 04:53:35+00:00,https://github.com/apache/tvm
machine-learning-refined,neonwatty/machine-learning-refined,neonwatty,NOASSERTION,"Master the fundamentals of machine learning, deep learning, and mathematical optimization by building key concepts and models from scratch using Python.",Python,2257,704,0,2016-08-12 14:13:30+00:00,2026-08-18 11:27:09+00:00,https://github.com/neonwatty/machine-learning-refined
awesome-quantum-machine-learning,krishnakumarsekar/awesome-quantum-machine-learning,krishnakumarsekar,CC0-1.0,"Here you can get all the Quantum Machine learning Basics, Algorithms ,Study Materials ,Projects and the descriptions of the projects around the web",HTML,3642,806,9,2017-04-26 11:03:50+00:00,2026-08-18 09:51:20+00:00,https://github.com/krishnakumarsekar/awesome-quantum-machine-learning
machine-learning-engineering-for-production-public,https-deeplearning-ai/machine-learning-engineering-for-production-public,https-deeplearning-ai,Apache-2.0,Public repo for DeepLearning.AI MLEP Specialization,Jupyter Notebook,1972,2332,20,2020-11-17 01:43:57+00:00,2026-08-13 07:18:51+00:00,https://github.com/https-deeplearning-ai/machine-learning-engineering-for-production-public
machine_learning_security,13o-bbr-bbq/machine_learning_security,13o-bbr-bbq,Unknown,Source code about machine learning and security.,Python,2088,676,112,2017-05-01 20:33:43+00:00,2026-08-16 12:44:39+00:00,https://github.com/13o-bbr-bbq/machine_learning_security
Machine-Learning-homework,Ayatans/Machine-Learning-homework,Ayatans,Unknown,Matlab Coding homework for Machine Learning,MATLAB,2033,656,0,2020-04-18 09:22:44+00:00,2026-08-17 03:21:25+00:00,https://github.com/Ayatans/Machine-Learning-homework
python-machine-learning-book-3rd-edition,rasbt/python-machine-learning-book-3rd-edition,rasbt,MIT,"The ""Python Machine Learning (3rd edition)"" book code repository",Jupyter Notebook,5046,2060,26,2019-06-07 04:19:59+00:00,2026-08-17 01:47:54+00:00,https://github.com/rasbt/python-machine-learning-book-3rd-edition
MachineLearning_Zhouzhihua_ProblemSets,hanmq/MachineLearning_Zhouzhihua_ProblemSets,hanmq,Unknown,"Exercises answers to the book ""machine-learning"" written by Zhou Zhihua。周志华《机器学习》课后习题，个人解答。各算法都拿numpy和pandas实现了一遍",Python,1679,435,11,2018-09-03 06:35:59+00:00,2026-08-17 01:39:09+00:00,https://github.com/hanmq/MachineLearning_Zhouzhihua_ProblemSets
machine-learning,jbagnato/machine-learning,jbagnato,GPL-3.0,"Código Python, Jupyter Notebooks, archivos csv con ejemplos para los ejercicios del Blog aprendemachinelearning.com y del libro Aprende Machine Learning en Español",Jupyter Notebook,572,729,7,2017-11-27 23:03:32+00:00,2026-08-15 20:56:10+00:00,https://github.com/jbagnato/machine-learning
ivy,unifyai/ivy,unifyai,NOASSERTION,Convert Machine Learning Code Between Frameworks,Python,14170,5465,985,2021-01-19 08:37:25+00:00,2026-08-18 02:31:48+00:00,https://github.com/unifyai/ivy
Machine-Learning-in-90-days,krishnaik06/Machine-Learning-in-90-days,krishnaik06,GPL-3.0,No description,Jupyter Notebook,1409,1594,11,2019-09-23 17:17:35+00:00,2026-08-11 11:56:41+00:00,https://github.com/krishnaik06/Machine-Learning-in-90-days
awesome-machine-learning-interpretability,jphall663/awesome-machine-learning-interpretability,jphall663,CC0-1.0,A curated list of awesome responsible machine learning resources.,Unknown,4058,629,27,2018-06-21 14:26:51+00:00,2026-08-17 08:38:04+00:00,https://github.com/jphall663/awesome-machine-learning-interpretability
kubeflow,kubeflow/kubeflow,kubeflow,Apache-2.0,Machine Learning Toolkit for Kubernetes,Unknown,15819,2689,0,2017-11-30 18:44:19+00:00,2026-08-18 08:00:59+00:00,https://github.com/kubeflow/kubeflow
Machine-Learning-Projects,aswintechguy/Machine-Learning-Projects,aswintechguy,Unknown,This repository contains mini projects in machine learning with notebook files,Jupyter Notebook,1334,682,6,2020-06-16 12:20:19+00:00,2026-08-18 07:40:21+00:00,https://github.com/aswintechguy/Machine-Learning-Projects
onnx,onnx/onnx,onnx,Apache-2.0,Open standard for machine learning interoperability,Python,21325,4001,287,2017-09-07 04:53:45+00:00,2026-08-18 11:03:36+00:00,https://github.com/onnx/onnx
machinelearning,dotnet/machinelearning,dotnet,MIT,ML.NET is an open source and cross-platform machine learning framework for .NET.,C#,9347,1950,1008,2018-05-03 16:20:42+00:00,2026-08-16 18:53:12+00:00,https://github.com/dotnet/machinelearning
Machine-Learning-Projects,shsarv/Machine-Learning-Projects,shsarv,Unknown,"This repository showcases a selection of machine learning projects undertaken to understand and master various ML concepts. Each project reflects commitment to applying theoretical knowledge to practical scenarios, demonstrating proficiency in machine learning techniques and tools.",Jupyter Notebook,1797,573,6,2020-11-13 16:16:44+00:00,2026-08-17 14:46:46+00:00,https://github.com/shsarv/Machine-Learning-Projects
WZU-machine-learning-course,fengdu78/WZU-machine-learning-course,fengdu78,Unknown,温州大学《机器学习》课程资料（代码、课件等）,Jupyter Notebook,2081,738,8,2021-03-21 15:08:38+00:00,2026-08-16 15:59:56+00:00,https://github.com/fengdu78/WZU-machine-learning-course
machine-learning-coursera-1,Borye/machine-learning-coursera-1,Borye,MIT,This repo is specially created for all the work done my me as a part of Coursera's Machine Learning Course.,Unknown,1115,889,4,2014-08-28 10:48:18+00:00,2026-08-06 12:34:00+00:00,https://github.com/Borye/machine-learning-coursera-1
MachineLearningCourse,chinawithfrank/MachineLearningCourse,chinawithfrank,Unknown,机器学习精简入门教程,Unknown,841,261,1,2016-06-23 01:22:30+00:00,2026-07-28 14:25:12+00:00,https://github.com/chinawithfrank/MachineLearningCourse
Qix,ty4z2008/Qix,ty4z2008,NOASSERTION,Machine Learning、Deep Learning、PostgreSQL、Distributed System、Node.Js、Golang,Unknown,15184,4575,0,2014-04-20 11:03:15+00:00,2026-08-17 07:06:14+00:00,https://github.com/ty4z2008/Qix
netron,lutzroeder/netron,lutzroeder,MIT,"Visualizer for neural network, deep learning and machine learning models",JavaScript,33363,3173,16,2010-12-26 12:53:43+00:00,2026-08-18 10:41:48+00:00,https://github.com/lutzroeder/netron
BuildingMachineLearningSystemsWithPython,luispedro/BuildingMachineLearningSystemsWithPython,luispedro,MIT,Source Code for the book Building Machine Learning Systems with Python,Python,2133,1410,3,2013-09-25 07:10:26+00:00,2026-08-17 16:26:52+00:00,https://github.com/luispedro/BuildingMachineLearningSystemsWithPython
bayesian-machine-learning,krasserm/bayesian-machine-learning,krasserm,Apache-2.0,Notebooks about Bayesian methods for machine learning,Jupyter Notebook,1918,473,5,2018-03-19 14:17:43+00:00,2026-08-17 01:46:43+00:00,https://github.com/krasserm/bayesian-machine-learning
awesome-machine-learning-on-source-code,src-d/awesome-machine-learning-on-source-code,src-d,CC-BY-SA-4.0,Cool links & research papers related to Machine Learning applied to source code (MLonCode),Unknown,6623,830,8,2017-06-20 13:35:45+00:00,2026-08-17 07:08:46+00:00,https://github.com/src-d/awesome-machine-learning-on-source-code
machine-learning,BindiChen/machine-learning,BindiChen,Unknown,Practical Full-Stack Machine Learning,Jupyter Notebook,707,475,0,2020-05-11 22:14:09+00:00,2026-06-21 09:17:55+00:00,https://github.com/BindiChen/machine-learning
Deep_Learning_Machine_Learning_Stock,LastAncientOne/Deep_Learning_Machine_Learning_Stock,LastAncientOne,MIT,Deep Learning and Machine Learning stocks represent promising opportunities for both long-term and short-term investors and traders.,Jupyter Notebook,1783,365,4,2018-09-29 23:38:06+00:00,2026-08-14 20:36:05+00:00,https://github.com/LastAncientOne/Deep_Learning_Machine_Learning_Stock
Awesome-Quant-Machine-Learning-Trading,grananqvist/Awesome-Quant-Machine-Learning-Trading,grananqvist,Unknown,Quant/Algorithm trading resources with an emphasis on Machine Learning,Unknown,3961,695,20,2018-11-05 21:09:06+00:00,2026-08-18 10:10:09+00:00,https://github.com/grananqvist/Awesome-Quant-Machine-Learning-Trading
Machine-Learning-with-R-datasets,stedy/Machine-Learning-with-R-datasets,stedy,Unknown,Formatted datasets for Machine Learning With R by Brett Lantz,Unknown,695,1510,1,2014-08-19 22:22:19+00:00,2026-08-08 02:12:09+00:00,https://github.com/stedy/Machine-Learning-with-R-datasets
ggml,ggml-org/ggml,ggml-org,MIT,Tensor library for machine learning,C++,15188,1782,347,2022-09-18 17:07:19+00:00,2026-08-18 11:00:06+00:00,https://github.com/ggml-org/ggml
MachineLearning,xxg1413/MachineLearning,xxg1413,Unknown,Machine Learning,Jupyter Notebook,397,248,1,2016-03-10 14:08:13+00:00,2026-05-15 15:43:18+00:00,https://github.com/xxg1413/MachineLearning
Coursera-Machine-Learning-Stanford,atinesh/Coursera-Machine-Learning-Stanford,atinesh,Unknown,Machine learning-Stanford University,MATLAB,1177,747,5,2016-07-02 06:08:23+00:00,2026-08-10 05:53:18+00:00,https://github.com/atinesh/Coursera-Machine-Learning-Stanford
